source,raw_mnemonic,raw_unit,count
kgs,RXORT,,3099
kgs,CCL,,1935
kgs,RHOC,G/CC,1598
kgs,CILD,,1591
kgs,DPOR,PU,1591
kgs,RHOC,,1544
kgs,CNLS,,1526
kgs,DPOR,,1526
kgs,POR(DEN),PERCENT,1481
kgs,MCAL,GAPI,1392
kgs,MI,,1384
kgs,MN,,1384
kgs,DGA,,1371
kgs,AVTX,,1284
kgs,BVTX,,1284
kgs,COMP,G/CC,1173
kgs,TEMP,DEG,1094
kgs,DEL TEMP,DEG,1092
kgs,AVTX,FT3,1013
kgs,BVTX,FT3,1012
kgs,COND(DI),MMHO/M,881
kgs,MI,OHM-M,786
kgs,MN,OHM-M,786
kgs,MCAL,IN,764
kgs,DPOR,pu,691
kgs,LTEN,LB,686
kgs,CNLS,PU,633
kgs,ITT,,630
kgs,SPOR,,612
kgs,RHOC,g/cc,600
kgs,ITT,MSEC,585
kgs,SPOR,PU,584
kgs,MEL15,OHM-M,567
kgs,MEL20,OHM-M,567
kgs,MELCAL,IN,564
kgs,CNSS,PU,520
kgs,CNDL,PU,519
kgs,LSPD,FT/MIN,509
kgs,ABHV,FT3,475
kgs,DRHO,g/cc,408
kgs,CILD,MMHO/M,396
kgs,ABHV,ft3,379
kgs,COND(MI),MMHO/M,334
kgs,TBHV,ft3,333
kgs,CNDL,,329
kgs,CNSS,,329
kgs,MEL15,Ohm-m,322
kgs,MEL20,Ohm-m,322
kgs,MELCAL,in,320
kgs,CLDC,IN,318
kgs,MINV,OHMM,317
kgs,R40O,OHMM,313
kgs,R60O,OHMM,313
kgs,RTAO,OHMM,313
kgs,FEFE,OHMM,312
kgs,SPCG,MV,312
kgs,MNRL,OHMM,311
kgs,TBHV,FT3,311
kgs,CGXT,DEGF,310
kgs,RES(GRD),OHM-M,306
kgs,AMP3FT,MV,301
kgs,DPRL,PERC,293
kgs,NPRL,PERC,293
kgs,AMP5FT,MV,280
kgs,CILD,OHM-M,276
kgs,TT5FT,USEC,271
kgs,SPOR,pu,267
kgs,AMPCAL,MV,266
kgs,TTCAL,USEC,264
kgs,TENS,lbs,261
kgs,RT60,ohmm,259
kgs,RT20,ohmm,258
kgs,RT90,ohmm,258
kgs,DPLS,%,256
kgs,NPLS,%,256
kgs,RT30,ohmm,254
kgs,MINV,ohmm,250
kgs,DCOR,G/C3,249
kgs,MNOR,ohmm,249
kgs,RT10,ohmm,246
kgs,DPHI,decp,243
kgs,CT90,mmo/m,241
kgs,RXO,ohmm,237
kgs,COND(DI):1,MMHO/M,236
kgs,DT35,US/F,235
kgs,COND(DI):2,CPS,234
kgs,NPHS,decp,233
kgs,DLIM,decp,229
kgs,DPHD,decp,228
kgs,NPHD,decp,228
kgs,DPHS,decp,225
kgs,DGA,G/CC,221
kgs,SPRL,PERC,219
kgs,HVOLTA,V,216
kgs,SMTU,LB,214
kgs,RXRT,NONE,212
kgs,QF,NONE,211
kgs,QN,NONE,211
kgs,RMUD,ohmm,204
kgs,MLTC,IN,201
kgs,AVOL,F3,198
kgs,HVOL,F3,196
kgs,MINMK,,173
kgs,LWTLB,lb,170
kgs,CALD,in,168
kgs,ITTT,us,168
kgs,ITT,msec,165
kgs,CALN,in,164
kgs,CILD,mMHO,161
kgs,AMP3FT,mV,154
kgs,SPHI,decp,154
kgs,AMP5FT,mV,152
kgs,TT5FT,usec,152
kgs,CNLS,pu,146
kgs,AMPCAL,mV,145
kgs,CALN,IN,137
kgs,CALD,IN,136
kgs,CILD,MMHO,134
kgs,TTCAL,usec,132
kgs,DRHO,G/C3,131
kgs,LWTLB,LB,131
kgs,GCGR,GAPI,129
kgs,GRSG,GAPI,128
kgs,CALM,in,117
kgs,GAMMA:1,API-GR,115
kgs,GAMMA:2,API-GR,115
kgs,CCL,mv,109
kgs,PHIE,dec,107
kgs,SCAL,IN,107
kgs,GRTH,PPM,105
kgs,GRUR,PPM,105
kgs,MIN12,dec,105
kgs,MIN23,dec,105
kgs,MIN34,dec,105
kgs,MIN45,dec,105
kgs,QUAL,,105
kgs,RATI,,105
kgs,VSH,dec,105
kgs,AIPD,dec(ls),104
kgs,AIPN,dec(ls),104
kgs,ARHOB,g/cc,104
kgs,BVWPN,dec,104
kgs,BVWPNI,dec,104
kgs,BVWPNR,dec,104
kgs,CSG1L,flg,104
kgs,CSG1R,flg,104
kgs,CTAO,MMHO,104
kgs,DELI,,104
kgs,GRE,gapi,104
kgs,GRPO,PERC,104
kgs,PAYPN,,104
kgs,SWPN,dec,104
kgs,NEAR,cps,102
kgs,SIGC,cu,102
kgs,FAR,cps,101
kgs,RXRT,,99
kgs,DPRD,PERC,96
kgs,DPRS,PERC,96
kgs,NPRD,PERC,96
kgs,NPRS,PERC,96
kgs,DPOR,PERC,95
kgs,DPHI,%,92
kgs,LGRD,,92
kgs,SCAL,GAPI,92
kgs,CCLPERF1,,91
kgs,SWPOR,,90
kgs,SWNC,NAPI,89
kgs,LTEN,lb,88
kgs,SWNC,,88
kgs,CCLPERF2,,85
kgs,LSPD,ft/min,85
kgs,TR11,US,84
kgs,TR12,US,84
kgs,TR21,US,84
kgs,TR22,US,84
kgs,RXORT,Unknown,83
kgs,SWLS,,83
kgs,LSD,cps,81
kgs,MSFCAL,in,81
kgs,SSD,cps,81
kgs,SWDL,,81
kgs,SWSS,,81
kgs,CCLPERF3,,80
kgs,CILD,mmho-m,73
kgs,CILD,Unknown,72
kgs,ITT,Unknown,72
kgs,MCAL,gAPI,72
kgs,MI,Unknown,72
kgs,MN,Unknown,72
kgs,PORS,%,72
kgs,RHOC,Unknown,72
kgs,SSD,CPS,69
kgs,AVTX,Unknown,68
kgs,BVTX,Unknown,68
kgs,TBHV,,68
kgs,TT1,us,68
kgs,TT3,us,68
kgs,ABHV,,67
kgs,MI,Ohm-m,66
kgs,MN,Ohm-m,66
kgs,MCAL,in,65
kgs,CLL3,mmho-m,64
kgs,MATRXDEN,G/CC,62
kgs,CILM,mmho-m,61
kgs,LGRD,OHM-M,61
kgs,SWPOR,PU,61
kgs,CTEM,DEGF,60
kgs,TENS,LBF,60
kgs,TT2,us,60
kgs,TT4,us,60
kgs,INV_RF,ohm,59
kgs,NOR_RF,ohm,59
kgs,SCAL,in,59
kgs,SWDL,PU,59
kgs,SWLS,PU,59
kgs,SWSS,PU,59
kgs,GTEM,DEGF,58
kgs,CILM,MMHO/M,57
kgs,CASEOD,IN,56
kgs,CLL3,MMHO/M,56
kgs,TT3FT,USEC,56
kgs,DELTAT,uspf,53
kgs,AHVT,ft3,51
kgs,DPHZ,CFCF,50
kgs,HDRA,G/C3,50
kgs,MINV,ohm/m,50
kgs,MNOR,ohm/m,50
kgs,AT60,OHMM,49
kgs,AVTX,ft3,49
kgs,BHVT,ft3,49
kgs,BVTX,ft3,49
kgs,AT20,OHMM,48
kgs,HMIN,OHMM,48
kgs,HMNO,OHMM,48
kgs,CFTC,HZ,47
kgs,CNTC,HZ,47
kgs,HTNP,CFCF,47
kgs,PXND_HILT,CFCF,47
kgs,SPAR,MV,47
kgs,AF10,OHMM,46
kgs,AF20,OHMM,46
kgs,AF30,OHMM,46
kgs,AF60,OHMM,46
kgs,AF90,OHMM,46
kgs,AO10,OHMM,46
kgs,AO20,OHMM,46
kgs,AO30,OHMM,46
kgs,AO60,OHMM,46
kgs,AO90,OHMM,46
kgs,NPSS,%,46
kgs,CCLPERF4,,44
kgs,BONDIX,,42
kgs,TEMP,degF,41
kgs,GUARD,Ohm-m,40
kgs,TT3,USEC,40
kgs,TVD,ft,40
kgs,CDF,LBF,39
kgs,CORM,g/cc,39
kgs,CORP,g/cc,39
kgs,DCOR,K/M3,39
kgs,STIT,F,39
kgs,MBTC,IN,38
kgs,AMP3,MV,37
kgs,DTMP,DEGF,37
kgs,DTMP,degF,37
kgs,ECGR,GAPI,37
kgs,HGR,GAPI,37
kgs,AMPTEMP,mV,36
kgs,AORT,OHMM,36
kgs,AORX,OHMM,36
kgs,ATT3,DB/FT,36
kgs,RXO8,OHMM,36
kgs,TTTEMP,usec,36
kgs,DNPH,CFCF,35
kgs,DSOZ,IN,35
kgs,GDEV,DEG,35
kgs,HDRB,G/C3,35
kgs,HPRA,,35
kgs,ROPA,fph,35
kgs,RSOZ,IN,35
kgs,CILD,mmho/m,34
kgs,SWPOR,pu,33
kgs,DPSS,%,31
kgs,ED,F,31
kgs,ND,F,31
kgs,PEF8,,30
kgs,SPHL,decp,30
kgs,SPHD,decp,29
kgs,SPHS,decp,29
kgs,CNDL,pu,28
kgs,CNSS,pu,28
kgs,DPH8,CFCF,28
kgs,LSD,CPS,27
kgs,PGTVD,ft,27
kgs,PGXR-T,api,27
kgs,RWA_HILT,OHMM,27
kgs,INC,deg,26
kgs,MINV,ohm,26
kgs,MNOR,ohm,26
kgs,PGVS,ft,26
kgs,SWSS,pu,26
kgs,DLS,°/100',25
kgs,DPHI,V/V,25
kgs,LAT,OHMM,25
kgs,RES(SG),OHM-M,25
kgs,SWDL,pu,25
kgs,DRHO,G/CC,24
kgs,LGRD,Ohm-m,24
kgs,SWLS,pu,24
kgs,TEMP,DEGF,24
kgs,XPHI,decp,24
kgs,DEVI,DEG,23
kgs,DPDL,%,23
kgs,NPDL,%,23
kgs,AMPTEMP,MV,22
kgs,TTTEMP,USEC,22
kgs,RO10,ohmm,21
kgs,RO20,ohmm,21
kgs,RO30,ohmm,21
kgs,RO60,ohmm,21
kgs,RO90,ohmm,21
kgs,CO90,mmo/m,20
kgs,HDPH_SAN,CFCF,19
kgs,PHIT,CFCF,19
kgs,RWA,ohmm,19
kgs,SATO,CFCF,19
kgs,VS,ft,19
kgs,DGA,g/cc,18
kgs,AZM,deg,17
kgs,DWGD_WALK2,PPM,17
kgs,E/WDEP,ft,17
kgs,ECST,DEGF,17
kgs,ESUF_WALK2,,17
kgs,N/SDEP,ft,17
kgs,POR(NEU):1,PERCENT,17
kgs,POR(NEU):2,PERCENT,17
kgs,QCPMT,,17
kgs,RHGE_WALK2,G/C3,17
kgs,CT10,mmo/m,16
kgs,CT20,mmo/m,16
kgs,CT30,mmo/m,16
kgs,CT60,mmo/m,16
kgs,DWAL_WALK2,LBF/LBF,16
kgs,DWCA_WALK2,LBF/LBF,16
kgs,DWFE_WALK2,LBF/LBF,16
kgs,DWSI_WALK2,LBF/LBF,16
kgs,DWSU_WALK2,LBF/LBF,16
kgs,DWTI_WALK2,LBF/LBF,16
kgs,ITTI,us,16
kgs,SPHI,%,16
kgs,WANH_WALK2,LBF/LBF,16
kgs,WCAR_WALK2,LBF/LBF,16
kgs,WCLA_WALK2,LBF/LBF,16
kgs,WCOA_WALK2,LBF/LBF,16
kgs,WEVA_WALK2,LBF/LBF,16
kgs,WPYR_WALK2,LBF/LBF,16
kgs,WQFM_WALK2,LBF/LBF,16
kgs,WSID_WALK2,LBF/LBF,16
kgs,LTEN,,15
kgs,RXORT,,15
kgs,W1,cps,15
kgs,W2,cps,15
kgs,W3,cps,15
kgs,W4,cps,15
kgs,CCL2,,14
kgs,CILD,,14
kgs,CNLS,,14
kgs,CO10,mmo/m,14
kgs,CO20,mmo/m,14
kgs,CO30,mmo/m,14
kgs,CO60,mmo/m,14
kgs,COND,MMHO/M,14
kgs,DPOR,,14
kgs,LSPD,,14
kgs,MI,,14
kgs,MN,,14
kgs,RHOC,,14
kgs,C1,,13
kgs,C2,,13
kgs,C3,,13
kgs,DI,in,13
kgs,HTNP_SAN,CFCF,13
kgs,TPUL,,13
kgs,VSEC,ft,13
kgs,AMPAVG,,12
kgs,AMPMAX,,12
kgs,AMPMIN,,12
kgs,AVTX,,12
kgs,BVTX,,12
kgs,DPRL,V/V,12
kgs,NPRL,V/V,12
kgs,AHV,F3,11
kgs,AMPS1,,11
kgs,AMPS2,,11
kgs,AMPS3,,11
kgs,AMPS4,,11
kgs,AMPS5,,11
kgs,AMPS6,,11
kgs,AMPS7,,11
kgs,AMPS8,,11
kgs,BHV,F3,11
kgs,DGA,,11
kgs,DPRL:1,PERC,11
kgs,GRTEMP,DEGF,11
kgs,ITT,S,11
kgs,MUDR,OHM-M,11
kgs,NPRL:1,PERC,11
kgs,ROP,FT/HR,11
kgs,TIME,MS,11
kgs,60IN_2FT_R,OHM-M,10
kgs,90IN_2FT_R,OHM-M,10
kgs,AHFCO60,MM/M,10
kgs,AHMF,OHMM,10
kgs,AHTCO90,MM/M,10
kgs,DPHI,PU,10
kgs,DPOR,PERCENT,10
kgs,DTEMP,DEG,10
kgs,GRX,gAPI,10
kgs,ITT,,10
kgs,PHIA,%,10
kgs,RB,DEG,10
kgs,SPHI,CFCF,10
kgs,SPOR,,10
kgs,TG,,10
kgs,TT5,USEC,10
kgs,ADPTH,FT,9
kgs,AHORT,OHMM,9
kgs,AHORX,OHMM,9
kgs,AHTCO60,MM/M,9
kgs,AMP5,MV,9
kgs,AZI,deg,9
kgs,AZIMUTH,deg,9
kgs,CBL,MV,9
kgs,CILD2,CPS,9
kgs,CNDL,,9
kgs,CNSS,,9
kgs,DFCAL,IN,9
kgs,DPHIL,PU,9
kgs,DPHI_LS,%,9
kgs,DPRL:2,V/V,9
kgs,INCLINATION,deg,9
kgs,MMK,,9
kgs,MP1,CFCF,9
kgs,MP2,CFCF,9
kgs,MP3,CFCF,9
kgs,NPHI_LS,%,9
kgs,NPRL:2,V/V,9
kgs,RWA,OHMM,9
kgs,20IN_2FT_R,OHM-M,8
kgs,30IN_2FT_R,OHM-M,8
kgs,A5DBHC,MMHO/M,8
kgs,AFCO,MM/M,8
kgs,ATCO,MM/M,8
kgs,BI,,8
kgs,BOXY,nT,8
kgs,C4,,8
kgs,DPOR,CFCF,8
kgs,GOXY,g,8
kgs,GTOTAL,g,8
kgs,GX,g,8
kgs,GY,g,8
kgs,GZ,g,8
kgs,PHINDOL,%,8
kgs,PORLDOL,%,8
kgs,RAKT,----,8
kgs,RAKU,----,8
kgs,RAUT,----,8
kgs,RWA,OHM-M,8
kgs,SPRL,V/V,8
kgs,TTS1,USEC,8
kgs,WTEP,DEGF,8
kgs,ACCZ,,7
kgs,AVMA,MV,7
kgs,BTOTAL,nT,7
kgs,BX,nT,7
kgs,BY,nT,7
kgs,BZ,nT,7
kgs,BZCALCULATED,nT,7
kgs,C5,,7
kgs,CCLD,V,7
kgs,DBHC,G/CC,7
kgs,"DIP,MEASURED",deg,7
kgs,GR_EDTC,GAPI,7
kgs,LCORNX,g/cc,7
kgs,LDENNX,g/cc,7
kgs,LSPD,fpm,7
kgs,MIMA,MV,7
kgs,MWFD,G/C3,7
kgs,MXMA,MV,7
kgs,NM1A,MV,7
kgs,NM2A,MV,7
kgs,NM3A,MV,7
kgs,NM4A,MV,7
kgs,NM5A,MV,7
kgs,NM6A,MV,7
kgs,NM7A,MV,7
kgs,NM8A,MV,7
kgs,PECLN,,7
kgs,PECLNX,b/E,7
kgs,ROP,min/ft,7
kgs,RXO\RT,,7
kgs,SPHW,decp,7
kgs,TEMP:1,DEG,7
kgs,TEMP:2,CPS,7
kgs,TGAS,,7
kgs,TIME,MINUTES,7
kgs,TTS2,USEC,7
kgs,TTS3,USEC,7
kgs,TTS4,USEC,7
kgs,TTS5,USEC,7
kgs,TTS6,USEC,7
kgs,TTS7,USEC,7
kgs,TTS8,USEC,7
kgs,WPRE,PSI,7
kgs,10IN_2FT_R,OHM-M,6
kgs,ACCX,,6
kgs,ACCY,,6
kgs,ATT3,db/ft,6
kgs,BMIN,OHMM,6
kgs,BMNO,OHMM,6
kgs,ELTIM,SEC,6
kgs,GRGM,GAPI,6
kgs,GRTVD,ft,6
kgs,GRVS,ft,6
kgs,HCGR,GAPI,6
kgs,HSGR,GAPI,6
kgs,HTHO,PPM,6
kgs,HURA,PPM,6
kgs,LATERAL,OHM-M,6
kgs,MNOR,OHMM,6
kgs,PR,,6
kgs,RWA,ohm/m,6
kgs,SPRL:1,PERC,6
kgs,TENS,LBS,6
kgs,THOR,ppm,6
kgs,TT3FT,usec,6
kgs,TVD,FT,6
kgs,URAN,ppm,6
kgs,VS,FT,6
kgs,AMP3,mV,5
kgs,ASFI,MV,5
kgs,BGN,,5
kgs,BTOTALCALC,nT,5
kgs,C4/C5,,5
kgs,CALD,INCH,5
kgs,CALM,IN,5
kgs,CILM,mmho/m,5
kgs,CLCNIN,in,5
kgs,CLL3,mmho/m,5
kgs,CT90,mmo/,5
kgs,"DIP,CALCULATED",deg,5
kgs,DRH1,g/cc,5
kgs,DRHO,KG/M3,5
kgs,FNOB,,5
kgs,FNOF,,5
kgs,FSIG,,5
kgs,GK1,GAPI,5
kgs,GRTC,api,5
kgs,HFK,%,5
kgs,N1,CPS,5
kgs,NEUT,CPS,5
kgs,NNOB,,5
kgs,NNOF,,5
kgs,P10AF,PU,5
kgs,P10T1F,PU,5
kgs,P1AF,PU,5
kgs,P1PRF,PU,5
kgs,P1T1F,PU,5
kgs,P2AF,PU,5
kgs,P2PRF,PU,5
kgs,P2T1F,PU,5
kgs,P3AF,PU,5
kgs,P3PRF,PU,5
kgs,P3T1F,PU,5
kgs,P4AF,PU,5
kgs,P4PRF,PU,5
kgs,P4T1F,PU,5
kgs,P5AF,PU,5
kgs,P5T1F,PU,5
kgs,P6AF,PU,5
kgs,P6T1F,PU,5
kgs,P7AF,PU,5
kgs,P7T1F,PU,5
kgs,P8AF,PU,5
kgs,P8T1F,PU,5
kgs,P9AF,PU,5
kgs,P9T1F,PU,5
kgs,PBGF,,5
kgs,PBGN,,5
kgs,PBSR,,5
kgs,POTA,%,5
kgs,PXRLLS,%,5
kgs,RBNF,,5
kgs,RES(DG):1,OHM-M,5
kgs,RES(DG):2,OHM-M,5
kgs,RES(GRD):1,OHM-M,5
kgs,RFBC,,5
kgs,RFIC,,5
kgs,RNBC,,5
kgs,ROFF,,5
kgs,ROFN,,5
kgs,SBF,,5
kgs,SBN,,5
kgs,SFF,,5
kgs,SFN,,5
kgs,SPHW,pu,5
kgs,SPRL:2,V/V,5
kgs,TIM,NONE,5
kgs,TOTG,GEE,5
kgs,TT3,usec,5
kgs,AHTRT,OHMM,4
kgs,BBINF,,4
kgs,BHFLAG,,4
kgs,BPERMF,,4
kgs,BVILINE,,4
kgs,CCLPERF5,,4
kgs,CF90,mmo/m,4
kgs,CLAYLINE,,4
kgs,CS,F/HR,4
kgs,DEN(LS),G/CC,4
kgs,DEPEW,ft,4
kgs,DRHO,,4
kgs,FPRES,PSIA,4
kgs,FTEMP,DEGF,4
kgs,G/R,,4
kgs,GAMM,API,4
kgs,HAZI,DEG,4
kgs,HTSG,----,4
kgs,LATNS,ft,4
kgs,MBVIT1,PU,4
kgs,MCBWT1,PU,4
kgs,MPHIT1,PU,4
kgs,MSIGT1,PU,4
kgs,P1AZ,DEG,4
kgs,PHXN,%,4
kgs,RF10,ohmm,4
kgs,RF20,ohmm,4
kgs,RF30,ohmm,4
kgs,RF60,ohmm,4
kgs,RF90,ohmm,4
kgs,RN16,OHMM,4
kgs,RT06,ohmm,4
kgs,SDEV,DEG,4
kgs,SPHI,MS/F,4
kgs,SPHI,,4
kgs,T1PIRRMX,PU,4
kgs,T1PMIC,PU,4
kgs,T1PTOT,PU,4
kgs,T2PIRRMX,PU,4
kgs,T2PMIC,PU,4
kgs,T2PTOT,PU,4
kgs,TCURR,MA,4
kgs,TT1,USEC,4
kgs,TVOLT,V,4
kgs,VCL,dec,4
kgs,XPOR,,4
kgs,--:2,ft,3
kgs,ABHV,Unknown,3
kgs,AHSCA,MV,3
kgs,AHTCO10,MM/M,3
kgs,AHTCO20,MM/M,3
kgs,AHTCO30,MM/M,3
kgs,AHTD1,IN,3
kgs,AHTD2,IN,3
kgs,AHTRX,OHMM,3
kgs,AHV,ft3,3
kgs,ALCDA,g/cc,3
kgs,ALDCA,g/cc,3
kgs,ALDPA,pu,3
kgs,ALHSI,in,3
kgs,ALPEA,NONE,3
kgs,AREA,IN2,3
kgs,ATCO90,MM/M,3
kgs,BHV,ft3,3
kgs,CCL:1,,3
kgs,CCL:2,,3
kgs,CCLPERFS1,,3
kgs,CCLPERFS2,,3
kgs,CCLPERFS3,,3
kgs,CFTC,CPS,3
kgs,CLF,,3
kgs,CNLSC,cps,3
kgs,CNSSC,cps,3
kgs,CNTC,CPS,3
kgs,DEVI,°,3
kgs,DI,OHMM,3
kgs,DO,dec,3
kgs,DO,decimal,3
kgs,DPDOLX,%,3
kgs,DPH1,%,3
kgs,DPHI,,3
kgs,DPLSX,%,3
kgs,DRHOX,g/cc,3
kgs,ECGR_EDTC,GAPI,3
kgs,EHGR_EDTC,GAPI,3
kgs,EIRMDS,ohm/m,3
kgs,ELTIM,sec,3
kgs,EWTEMP,degF,3
kgs,FTIM,MS,3
kgs,GAMMARAY,api,3
kgs,GDEV_EDTC,DEG,3
kgs,GGCE,GAPI,3
kgs,GR:1,GAPI,3
kgs,GR:2,GAPI,3
kgs,GSXT,DEGF,3
kgs,HDAR,IN,3
kgs,HGR_EDTC,GAPI,3
kgs,HV,V,3
kgs,ICV,F3,3
kgs,IHV,F3,3
kgs,INCL,DEG,3
kgs,ITT,m/sec,3
kgs,LAT19,OHMM,3
kgs,LM,dec,3
kgs,LM,decimal,3
kgs,LTEN,lbs,3
kgs,MCAL,,3
kgs,MDOLO,dec,3
kgs,MDOLO,decimal,3
kgs,NPDOLX,%,3
kgs,NPLSX,%,3
kgs,PC1,decp,3
kgs,PC10,decp,3
kgs,PC11,decp,3
kgs,PC12,decp,3
kgs,PC13,decp,3
kgs,PC2,decp,3
kgs,PC3,decp,3
kgs,PC4,decp,3
kgs,PC5,decp,3
kgs,PC6,decp,3
kgs,PC7,decp,3
kgs,PC8,decp,3
kgs,PC9,decp,3
kgs,PEX,b/E,3
kgs,PHID,DECP,3
kgs,PHIN,DECP,3
kgs,PORZ,%,3
kgs,PXRL,%,3
kgs,PXRLSS,%,3
kgs,Q,,3
kgs,R09AC,ohmm,3
kgs,R09PC,ohmm,3
kgs,R15AC,ohmm,3
kgs,R15PC,ohmm,3
kgs,R20F,OHMM,3
kgs,R27AC,ohmm,3
kgs,R27PC,ohmm,3
kgs,R30F,OHMM,3
kgs,R30O,OHMM,3
kgs,R30S,OHMM,3
kgs,R39AC,ohmm,3
kgs,R39PC,ohmm,3
kgs,R40F,OHMM,3
kgs,R40S,OHMM,3
kgs,R60F,OHMM,3
kgs,R60S,OHMM,3
kgs,R85F,OHMM,3
kgs,RAZ_EDTC,F/S2,3
kgs,RES(GRD):2,CPS,3
kgs,RHOBX,g/cc,3
kgs,RTAF,OHMM,3
kgs,RTAS,OHMM,3
kgs,RXOI,OHMM,3
kgs,SCAL,,3
kgs,SD,dec,3
kgs,SD,decimal,3
kgs,T1PC,decp,3
kgs,T1PM,decp,3
kgs,T2PC,decp,3
kgs,T2PM,decp,3
kgs,TBHV,Unknown,3
kgs,TG,Units,3
kgs,TNFA,cps,3
kgs,TNNA,cps,3
kgs,TNPL,pu,3
kgs,TNRA,,3
kgs,TPH1,decp,3
kgs,TPHI,decp,3
kgs,TT2,USEC,3
kgs,TT4,USEC,3
kgs,TT4,,3
kgs,VEIRDDS,ohm/m,3
kgs,+E/-W,ft,2
kgs,+N/-S,ft,2
kgs,--:1,ft,2
kgs,--:3,AAPI,2
kgs,A4DBHC,MMHO/M,2
kgs,ABFR,,2
kgs,ACES,IN,2
kgs,ADES,,2
kgs,ADI07,OHMM,2
kgs,ADI11,OHMM,2
kgs,ADI15,OHMM,2
kgs,ADI22,OHMM,2
kgs,ADI27,OHMM,2
kgs,AE10,OHMM,2
kgs,AE20,OHMM,2
kgs,AE30,OHMM,2
kgs,AE60,OHMM,2
kgs,AE90,OHMM,2
kgs,AECEF,,2
kgs,AECF,,2
kgs,AECO10,MM/M,2
kgs,AECO20,MM/M,2
kgs,AECO30,MM/M,2
kgs,AECO60,MM/M,2
kgs,AECO90,MM/M,2
kgs,AECW,,2
kgs,AEHF,,2
kgs,AEMF,,2
kgs,AERS,,2
kgs,AFCB[0],MM/M,2
kgs,AFCO10,MM/M,2
kgs,AFCO20,MM/M,2
kgs,AFCO30,MM/M,2
kgs,AFCO60,MM/M,2
kgs,AFCO90,MM/M,2
kgs,AFD1,IN,2
kgs,AFD2,IN,2
kgs,AFOO,,2
kgs,AFRT,OHMM,2
kgs,AFRX,OHMM,2
kgs,AFVM,G/FT,2
kgs,AHT10,OHMM,2
kgs,AHT20,OHMM,2
kgs,AHT30,OHMM,2
kgs,AHT60,OHMM,2
kgs,AHT90,OHMM,2
kgs,AIBC[0],MM/M,2
kgs,AIBD,IN,2
kgs,AIEC[0],MM/M,2
kgs,AIFC[0],MM/M,2
kgs,AIMR,OHMM,2
kgs,AMC[0],OHMM,2
kgs,AMF,OHMM,2
kgs,AOCB[0],MM/M,2
kgs,AOCO10,MM/M,2
kgs,AOCO20,MM/M,2
kgs,AOCO30,MM/M,2
kgs,AOCO60,MM/M,2
kgs,AOCO90,MM/M,2
kgs,AOD1,IN,2
kgs,AOD2,IN,2
kgs,AOOO,,2
kgs,AOVM,G/FT,2
kgs,AQABN[0],MM/M,2
kgs,ASCA,MV,2
kgs,ATCA,DEGF,2
kgs,ATCB[0],MM/M,2
kgs,ATCE,DEGF,2
kgs,ATCO10,MM/M,2
kgs,ATCO20,MM/M,2
kgs,ATCO30,MM/M,2
kgs,ATCO60,MM/M,2
kgs,ATD1,IN,2
kgs,ATD2,IN,2
kgs,ATOM,,2
kgs,ATOO,,2
kgs,ATRT,OHMM,2
kgs,ATRX,OHMM,2
kgs,ATSE,DEGF,2
kgs,ATVM,G/FT,2
kgs,AZIM,DEG,2
kgs,BHPR,PSI,2
kgs,BHRM,OHMM,2
kgs,BRITTLENESS1,,2
kgs,BSD1,,2
kgs,BSWU[0],HZ,2
kgs,BSW[0],HZ,2
kgs,BTOTALCALCULATED,nT,2
kgs,BVW,dec,2
kgs,BVW,decimal,2
kgs,BVWSXO,dec,2
kgs,BVWSXO,decimal,2
kgs,C1,units,2
kgs,C1SP[0],,2
kgs,C2,units,2
kgs,C2SP[0],,2
kgs,C3,units,2
kgs,CAL:1,in,2
kgs,CAL:2,in,2
kgs,CCL,,2
kgs,CCL,CPS,2
kgs,CCL:3,,2
kgs,CCLG,----,2
kgs,CCLPERF6,,2
kgs,CDTF,us/ft,2
kgs,CFGR,,2
kgs,CHI1,,2
kgs,CHI2,,2
kgs,COF2,,2
kgs,COF3,,2
kgs,COF4,,2
kgs,COND(DI),CPS,2
kgs,COND(DI):2,MMHO/M,2
kgs,CSTS_HNGS,,2
kgs,CTAF,MMHO,2
kgs,CTAO,----,2
kgs,CTAS,MMHO,2
kgs,CVEL,F/HR,2
kgs,D1ST_HNGS,,2
kgs,D2ST_HNGS,,2
kgs,DCAL2,GAPI,2
kgs,DCOR,,2
kgs,DEN(LS),CPS,2
kgs,DEN(LS):1,G/CC,2
kgs,DEN(LS):2,CPS,2
kgs,DEN(SS):1,G/CC,2
kgs,DEN(SS):2,CPS,2
kgs,DEVI,deg,2
kgs,DF,LBF,2
kgs,DGRC,api,2
kgs,DGRCC,api,2
kgs,"DIP,CALAULATED",deg,2
kgs,DLS,DEG/100FT,2
kgs,DP,%,2
kgs,DPHIR,PU,2
kgs,DPHI_DOL,CFCF,2
kgs,DPHI_LIM,CFCF,2
kgs,DPHI_SAN,CFCF,2
kgs,DPHZ,,2
kgs,DPOR,V/V,2
kgs,DPORDO,Unknown,2
kgs,DPORSS,Unknown,2
kgs,DPRD,V/V,2
kgs,DPRL,v/v,2
kgs,DPRL,,2
kgs,DPRL:2,PERC,2
kgs,DPRS,V/V,2
kgs,DRH2,g/cc,2
kgs,DRH3,g/cc,2
kgs,DRTA,,2
kgs,DSO8,IN,2
kgs,E/W,ft,2
kgs,EBSZ[0],%,2
kgs,EDLI,decp,2
kgs,EDPD,decp,2
kgs,EDPH,decp,2
kgs,EDPS,decp,2
kgs,EHGR,GAPI,2
kgs,EHM8,F,2
kgs,EHMR,,2
kgs,EHMZ,F,2
kgs,ELSZ[0],%,2
kgs,ENLI,decp,2
kgs,ENPD,decp,2
kgs,ENPH,decp,2
kgs,ENPS,decp,2
kgs,EPE,NONE,2
kgs,EPE8,,2
kgs,EPEZ,,2
kgs,ERBR[0],,2
kgs,ERHO,g/cc,2
kgs,ERMC,,2
kgs,ERO8,G/C3,2
kgs,EROZ,G/C3,2
kgs,ERXO,,2
kgs,ESSZ[0],%,2
kgs,EULC,,2
kgs,FAR,CPS,2
kgs,FCAZ,F/S2,2
kgs,FCBR[0],OHMM,2
kgs,FCD,IN,2
kgs,FF,,2
kgs,FGHA,unit,2
kgs,GCF1,,2
kgs,GCF2,,2
kgs,GHD,IN,2
kgs,GREV,api,2
kgs,GREZ,,2
kgs,GRPO:1,PERC,2
kgs,HAZI,deg,2
kgs,HAZIM,DEG,2
kgs,HBHK,%,2
kgs,HCFT,HZ,2
kgs,HCNT,HZ,2
kgs,HDEN,G/C3,2
kgs,HDPH_DOL,CFCF,2
kgs,HDPH_LIM,CFCF,2
kgs,HDRT,,2
kgs,HDRX,,2
kgs,HET,DEGF,2
kgs,HLRGB,,2
kgs,HNPO_DOL,CFCF,2
kgs,HNPO_LIM,CFCF,2
kgs,HNPO_SAN,CFCF,2
kgs,HPATT,,2
kgs,HRCAL,IN,2
kgs,HTAL,,2
kgs,HTEM,DEGF,2
kgs,HTNP_DOL,CFCF,2
kgs,HTNP_LIM,CFCF,2
kgs,HTPR,,2
kgs,HTUR,,2
kgs,HUPR,,2
kgs,IDWD,F,2
kgs,IND,OHMM,2
kgs,LHEW,HZ,2
kgs,LSD1,,2
kgs,LSWU[0],HZ,2
kgs,LSW[0],HZ,2
kgs,LWTO,HZ,2
kgs,M2R1,OHMM,2
kgs,M2R2,OHMM,2
kgs,M2R3,OHMM,2
kgs,M2R6,OHMM,2
kgs,M2R9,OHMM,2
kgs,M2RX,OHMM,2
kgs,MBHK,%,2
kgs,MCGR,GAPI,2
kgs,MDT,uspf,2
kgs,MFK,%,2
kgs,MINVF,ohm,2
kgs,MNORF,ohm,2
kgs,MSGR,GAPI,2
kgs,MTHO,PPM,2
kgs,MURA,PPM,2
kgs,N/S,ft,2
kgs,NCYT,DEGF,2
kgs,NLIM,decp,2
kgs,NOIS,cps,2
kgs,NP,%,2
kgs,NPH1,%,2
kgs,NPHI_DOL,CFCF,2
kgs,NPHI_LIM:1,CFCF,2
kgs,NPHI_LIM:2,CFCF,2
kgs,NPHI_SAN:1,CFCF,2
kgs,NPHI_SAN:2,CFCF,2
kgs,NPOR_DOL,CFCF,2
kgs,NPOR_LIM:1,CFCF,2
kgs,NPOR_LIM:2,CFCF,2
kgs,NPOR_SAN:1,CFCF,2
kgs,NPOR_SAN:2,CFCF,2
kgs,NPRD,V/V,2
kgs,NPRL,v/v,2
kgs,NPRL,,2
kgs,NPRL:2,PERC,2
kgs,NPRS,V/V,2
kgs,P1,,2
kgs,PAYFLAG,dec,2
kgs,PAYFLAG,decimal,2
kgs,PBHK,%,2
kgs,PCGR,GAPI,2
kgs,PEA,,2
kgs,PECSNX,b/E,2
kgs,PEFBA,,2
kgs,PEFLA,,2
kgs,PEFSA,,2
kgs,PEM8,,2
kgs,PEMZ,,2
kgs,PERM,,2
kgs,PFK,%,2
kgs,PHIE,decimal,2
kgs,PHIE_HILT,CFCF,2
kgs,PIRM,OHMM,2
kgs,PLT1,,2
kgs,PLT2,,2
kgs,PLT3,,2
kgs,PLT4,,2
kgs,PLT5,,2
kgs,PLTC,,2
kgs,POR(EFF),PERCENT,2
kgs,POR(NEU):3,PERCENT,2
kgs,PSGR,GAPI,2
kgs,PTHR,PPM,2
kgs,PULC,decp,2
kgs,PURA,PPM,2
kgs,QCBSL,,2
kgs,QCMCFL,,2
kgs,QCPEF,,2
kgs,QCPOR,,2
kgs,QCRH,,2
kgs,QCRXO,,2
kgs,R15P,ohmm,2
kgs,R20S,OHMM,2
kgs,R39A,ohmm,2
kgs,R39P,ohmm,2
kgs,R85S,OHMM,2
kgs,RB,°,2
kgs,RCFT,HZ,2
kgs,RCNT,HZ,2
kgs,RCOR,,2
kgs,RCOS,,2
kgs,RDF1,,2
kgs,RDF2,,2
kgs,RES(DI):1,OHM-M,2
kgs,RES(DI):2,OHM-M,2
kgs,RES(GRD):2,OHM-M,2
kgs,RES(MI):1,OHM-M,2
kgs,RES(MI):2,OHM-M,2
kgs,RGR,GAPI,2
kgs,RHBA,G/C3,2
kgs,RHET,DEGF,2
kgs,RHFT,HZ,2
kgs,RHGR,GAPI,2
kgs,RHGX_HILT,G/C3,2
kgs,RHLA,G/C3,2
kgs,RHNT,HZ,2
kgs,RHOL,,2
kgs,RHOMAV,G/CC,2
kgs,RHSA,G/C3,2
kgs,RLL3F,Ohm-m,2
kgs,RMCZ,OHMM,2
kgs,RMFA_HILT,OHMM,2
kgs,RMU1,ohmm,2
kgs,ROAZ,DEG,2
kgs,ROM8,G/C3,2
kgs,ROMZ,G/C3,2
kgs,ROP,fph,2
kgs,RO_HILT,OHMM,2
kgs,RSO8,IN,2
kgs,RSOI,IN,2
kgs,RSP,MV,2
kgs,RSPA,MV,2
kgs,RTNR,,2
kgs,RULC,ohmm,2
kgs,RVDRU,OHMM,2
kgs,RVSRU,OHMM,2
kgs,RVV,MV,2
kgs,RWA,Ohm-m,2
kgs,RWA2,,2
kgs,RXGR,OHMM,2
kgs,RXIG,MA,2
kgs,RXRT,-,2
kgs,RXRU,OHMM,2
kgs,RXV,MV,2
kgs,S1,mV,2
kgs,S1AT,S,2
kgs,S1DT,HZ,2
kgs,S1SP[0],,2
kgs,S1TM,DEGF,2
kgs,S2AT,S,2
kgs,S2DT,HZ,2
kgs,S2SP[0],,2
kgs,S2TM,DEGF,2
kgs,SDEVM,DEG,2
kgs,SHRL,PERC,2
kgs,SIGC,,2
kgs,SP:1,MV,2
kgs,SP:2,MV,2
kgs,SPCODTC,,2
kgs,SPCODTS,,2
kgs,SPHI,dec,2
kgs,SPRD_W,V/V,2
kgs,SPRL,v/v,2
kgs,SPRL_W,V/V,2
kgs,SPRS_W,V/V,2
kgs,SSD1,,2
kgs,SSWU[0],HZ,2
kgs,SSW[0],HZ,2
kgs,SW,PERCENT,2
kgs,SW,dec,2
kgs,SW,decimal,2
kgs,SWU,DEC,2
kgs,SWU,dec,2
kgs,SW_HILT,CFCF,2
kgs,SXO,dec,2
kgs,SXO,decimal,2
kgs,TALP,,2
kgs,TBIT10,,2
kgs,TBIT20,,2
kgs,TBIT30,,2
kgs,TBIT60,,2
kgs,TBIT90,,2
kgs,TDSP,F,2
kgs,TG,units,2
kgs,TIME,NONE,2
kgs,TKRT,NONE,2
kgs,TNPH_DOL,CFCF,2
kgs,TNPH_LIM:1,CFCF,2
kgs,TNPH_LIM:2,CFCF,2
kgs,TNPH_SAN:1,CFCF,2
kgs,TNPH_SAN:2,CFCF,2
kgs,TT1,,2
kgs,TT2,,2
kgs,TT3,,2
kgs,TURT,NONE,2
kgs,TVD,F,2
kgs,TVDF,F,2
kgs,TVDSS,F,2
kgs,U8,,2
kgs,UKRT,NONE,2
kgs,UMA_HILT,,2
kgs,UZ,,2
kgs,VBF1,,2
kgs,VBF2,,2
kgs,VCL_HILT,CFCF,2
kgs,VPSX,,2
kgs,VSEC,F,2
kgs,VSH,PERCENT,2
kgs,XPLITHO,PU,2
kgs,XPOR,V/V,2
kgs,YMDY,,2
kgs,YMST1,,2
kgs,%ANISOTROPY,%,1
kgs,--:1,AAPI,1
kgs,--:3,ft,1
kgs,--:4,ft,1
kgs,10FTRATE,min/ft,1
kgs,5FTRATE,min/ft,1
kgs,ACCQ,NONE,1
kgs,ACCQ,,1
kgs,ACCZ,g,1
kgs,ACPE,,1
kgs,ACTE,DEGC,1
kgs,AFCO[5],MM/M,1
kgs,AHBV,ft3,1
kgs,AHF10,OHMM,1
kgs,AHF20,OHMM,1
kgs,AHF30,OHMM,1
kgs,AHF60,OHMM,1
kgs,AHF90,OHMM,1
kgs,AHO10,OHMM,1
kgs,AHO20,OHMM,1
kgs,AHO30,OHMM,1
kgs,AHO60,OHMM,1
kgs,AHO90,OHMM,1
kgs,ALCDBQ,g/cc,1
kgs,ALDCLC,g/cc,1
kgs,ALDPLC,pu,1
kgs,ALPELC,b/e,1
kgs,AMP3FT2,mV,1
kgs,AMP5,mV,1
kgs,AMP5FT2,mV,1
kgs,ANHY,perc,1
kgs,ANHY,percent,1
kgs,ANOR,M/S2,1
kgs,AROSE,deg,1
kgs,AROSE180,deg,1
kgs,ATCO[5],MM/M,1
kgs,AUX2,DegF,1
kgs,AX,M/S2,1
kgs,AY,M/S2,1
kgs,AZ,DEG,1
kgs,AZ,M/S2,1
kgs,AZGRD,aapi,1
kgs,AZGRU,aapi,1
kgs,AZI1,deg,1
kgs,AZIMUTH:1,DEG,1
kgs,AZIMUTH:2,DEG,1
kgs,AZM,DEG,1
kgs,AZMH,deg,1
kgs,BENT,percent,1
kgs,BFV,CFCF,1
kgs,BGF,,1
kgs,BIT_BHC,IN,1
kgs,BLANK,percent,1
kgs,BMK,6PSI,1
kgs,BR,°/100',1
kgs,BREC,percent,1
kgs,BTC,nT,1
kgs,BTM,nT,1
kgs,BTMP,degF,1
kgs,BVW,,1
kgs,BVWI,dec,1
kgs,BVWOH,dec,1
kgs,BVWR,dec,1
kgs,BVWSXO,,1
kgs,BXM,nT,1
kgs,BYM,nT,1
kgs,BZC,nT,1
kgs,BZM,nT,1
kgs,C1,%,1
kgs,C1,PPM,1
kgs,C1,UNITS,1
kgs,C1,ppm,1
kgs,C2,%,1
kgs,C2,PPM,1
kgs,C2,UNITS,1
kgs,C2,ppm,1
kgs,C3,%,1
kgs,C3,PPM,1
kgs,C3,UNITS,1
kgs,C3,ppm,1
kgs,C4,%,1
kgs,C4,ppm,1
kgs,C44,Mpsi,1
kgs,C55,Mpsi,1
kgs,C66,Mpsi,1
kgs,CALIPER:1,INCH,1
kgs,CALIPER:2,INCH,1
kgs,CALI_CAV,IN,1
kgs,CALI_FDC,IN,1
kgs,CALY,IN,1
kgs,CALY,,1
kgs,CAL_BHC,IN,1
kgs,CBP1,CFCF,1
kgs,CBP2,CFCF,1
kgs,CBP3,CFCF,1
kgs,CBP4,CFCF,1
kgs,CBP5,CFCF,1
kgs,CBP6,CFCF,1
kgs,CBP7,CFCF,1
kgs,CBP8,CFCF,1
kgs,CCL,DELT-CPS,1
kgs,CCL3,,1
kgs,CCLPEREF1,,1
kgs,CCLPERFR2,,1
kgs,CCLPERFR3,,1
kgs,CCLPERFS4,,1
kgs,CDAL,INCH,1
kgs,CDL,%,1
kgs,CFRQ_MFL,HZ,1
kgs,CGXT,DEGC,1
kgs,CGXT:1,DEGF,1
kgs,CGXT:2,DEGF,1
kgs,CHERT,perc,1
kgs,CHRP,,1
kgs,CHRS,,1
kgs,CHT,percent,1
kgs,CIA90_2,MMHO/M,1
kgs,CLDC,in,1
kgs,CLDC:1,IN,1
kgs,CLDC:2,IN,1
kgs,CLF,Unknown,1
kgs,CLYST,percent,1
kgs,CMFF,CFCF,1
kgs,CMFF_SIG,CFCF,1
kgs,CMRP_3MS,CFCF,1
kgs,CMR_PHI_CONV,,1
kgs,CN,%,1
kgs,CNAD,PU,1
kgs,CNCF,%,1
kgs,CNCF,frac,1
kgs,CNLS,v/v,1
kgs,CNLSC,CPS,1
kgs,CNLSC,,1
kgs,CNS,%,1
kgs,CNSSC,,1
kgs,CO2,PERC,1
kgs,CO6,mmo/m,1
kgs,COAL,perc,1
kgs,COAL,percent,1
kgs,COMP:1,G/CC,1
kgs,COMP:2,G/CC,1
kgs,COMPVELOCITY,,1
kgs,CON,unit,1
kgs,COND,MMHO,1
kgs,COND(MI),CPS,1
kgs,COND(MI):1,MMHO/M,1
kgs,COND(MI):2,MMHO/M,1
kgs,COND2,CPS,1
kgs,CONG,perc,1
kgs,CONGL,percent,1
kgs,CORE,percent,1
kgs,CPG,ppft,1
kgs,CPG_3D,ppft,1
kgs,CRD1_PPC1,IN,1
kgs,CRD1_PPC2,IN,1
kgs,CRD2_PPC1,IN,1
kgs,CRD2_PPC2,IN,1
kgs,CRD3_PPC1,IN,1
kgs,CRD3_PPC2,IN,1
kgs,CRD4_PPC1,IN,1
kgs,CRD4_PPC2,IN,1
kgs,CT10,MMO/M,1
kgs,CT20,MMO/M,1
kgs,CT30,MMO/M,1
kgs,CT6,mmo/m,1
kgs,CT60,MMO/M,1
kgs,CT90,MMO/M,1
kgs,CT91,mmo/m,1
kgs,CTEM_GPITF,DEGC,1
kgs,CTSB,,1
kgs,CURRENT,UA,1
kgs,CUST,UNITS,1
kgs,CUST2,UNITS,1
kgs,CUT,UNITS,1
kgs,D DIFF:1,FT,1
kgs,D DIFF:2,FT,1
kgs,DCAL1,in,1
kgs,DCOR:1,G/C3,1
kgs,DCOR:2,G/C3,1
kgs,DCSI1,,1
kgs,DCSI2,,1
kgs,DCSI3,,1
kgs,DCSI4,,1
kgs,DCSI5,,1
kgs,DCSI6,,1
kgs,DEL TEMP:1,DEG,1
kgs,DEL TEMP:2,DEG,1
kgs,DEN(CDL):1,G/CC,1
kgs,DEN(CDL):2,G/CC,1
kgs,DEN(SS),CPS,1
kgs,DEN:1,G/C3,1
kgs,DEN:2,G/C3,1
kgs,DEV,DEG,1
kgs,DFCAL,,1
kgs,DGRCB,api,1
kgs,DGRTVD,ft,1
kgs,DGTVD,ft,1
kgs,DHTN,lbs,1
kgs,DISTANCE:1,FT,1
kgs,DISTANCE:2,FT,1
kgs,DOL,percent,1
kgs,DOLO,perc,1
kgs,DPDOL,%,1
kgs,DPH8,ft3/ft3,1
kgs,DPH8,,1
kgs,DPHD,%,1
kgs,DPHD,POROSITY,1
kgs,DPHI,DECP,1
kgs,DPHI,dec(ls),1
kgs,DPHI,v/v,1
kgs,DPHIL,,1
kgs,DPHIR,,1
kgs,DPHI_LS,V/V,1
kgs,DPHL,POROSITY,1
kgs,DPHS,POROSITY,1
kgs,DPHZ,ft3/ft3,1
kgs,DPLS,,1
kgs,DPOR,PCNT,1
kgs,DPOR,ft3/ft3,1
kgs,DRILLRATE,min/ft,1
kgs,DST,percent,1
kgs,DT24,US/F,1
kgs,DT35,----,1
kgs,DT35:1,US/F,1
kgs,DT35:2,US/F,1
kgs,DTCO3,US/F,1
kgs,DTRP,USEC/FT,1
kgs,DTRS,USEC/FT,1
kgs,DTRS,uspf,1
kgs,DTSH3,US/F,1
kgs,DTSH5,US/F,1
kgs,DTSH6,US/F,1
kgs,DTST,US/F,1
kgs,DTST,uspf,1
kgs,DTSTE,US/F,1
kgs,DTSX,uspf,1
kgs,DTXX,uspf,1
kgs,DTYY,uspf,1
kgs,DWAL_WALK2,,1
kgs,DWCA_WALK2,,1
kgs,DWF1_MONO[0],,1
kgs,DWF2[0],,1
kgs,DWF2_MONO[0],,1
kgs,DWF3[0],,1
kgs,DWF3_MONO[0],,1
kgs,DWF4_MONO[0],,1
kgs,DWF5_DIIN[0],,1
kgs,DWF6_DIIN[0],,1
kgs,DWFE_WALK2,,1
kgs,DWSI_WALK2,,1
kgs,DWSU_WALK2,,1
kgs,DWTI_WALK2,,1
kgs,DXDT,uspf,1
kgs,DYDT,uspf,1
kgs,E DEV:1,FT,1
kgs,E DEV:2,FT,1
kgs,ECO_PPC1,IN,1
kgs,ECO_PPC2,IN,1
kgs,EHD1_PPC1,IN,1
kgs,EHD1_PPC2,IN,1
kgs,EHD2_PPC1,IN,1
kgs,EHD2_PPC2,IN,1
kgs,ELA_PPC1,IN,1
kgs,ELA_PPC2,IN,1
kgs,EMID_PPC1,IN,1
kgs,EMID_PPC2,IN,1
kgs,ENRA,NONE,1
kgs,ERA_PPC1,DEG,1
kgs,ERA_PPC2,DEG,1
kgs,ESA_PPC1,IN,1
kgs,ESA_PPC2,IN,1
kgs,ETC1_PPC1,IN,1
kgs,ETC1_PPC2,IN,1
kgs,ETC2_PPC1,IN,1
kgs,ETC2_PPC2,IN,1
kgs,EWRTVD,ft,1
kgs,EWRVS,ft,1
kgs,EWTVD,ft,1
kgs,EWVS,ft,1
kgs,EWXT,min,1
kgs,F1,CPS,1
kgs,FAR,,1
kgs,FASTSHEAR,uspf,1
kgs,FB1,,1
kgs,FB10,,1
kgs,FB2,,1
kgs,FB3,,1
kgs,FB4,,1
kgs,FB5,,1
kgs,FB6,,1
kgs,FB7,,1
kgs,FB8,,1
kgs,FB9,,1
kgs,FB91,,1
kgs,FB92,,1
kgs,FB93,,1
kgs,FB94,,1
kgs,FB95,,1
kgs,FB96,,1
kgs,FCA1[0],,1
kgs,FCA2[0],,1
kgs,FCA3[0],,1
kgs,FCA4[0],,1
kgs,FCAX,M/S2,1
kgs,FCAY,M/S2,1
kgs,FCAZ,M/S2,1
kgs,FCB1[0],,1
kgs,FCB2[0],,1
kgs,FCB3[0],,1
kgs,FCB4[0],,1
kgs,FCC1[0],,1
kgs,FCC2[0],,1
kgs,FCC3[0],,1
kgs,FCC4[0],,1
kgs,FCD1[0],,1
kgs,FCD2[0],,1
kgs,FCD3[0],,1
kgs,FCD4[0],,1
kgs,FCPS,cps,1
kgs,FEFE,ohmm,1
kgs,FEFE:1,OHMM,1
kgs,FEFE:2,OHMM,1
kgs,FINC,DEG,1
kgs,FLARE,FT,1
kgs,FLU,PERC,1
kgs,FLUQUAL,UNITS,1
kgs,FNOR,OER,1
kgs,FS1,,1
kgs,FS10,,1
kgs,FS2,,1
kgs,FS3,,1
kgs,FS4,,1
kgs,FS5,,1
kgs,FS6,,1
kgs,FS7,,1
kgs,FS8,,1
kgs,FS9,,1
kgs,FS91,,1
kgs,FS92,,1
kgs,FS93,,1
kgs,FS94,,1
kgs,FS95,,1
kgs,FS96,,1
kgs,FTPERHR,ft/hr,1
kgs,FX,OER,1
kgs,FY,OER,1
kgs,FZ,----,1
kgs,FZ,OER,1
kgs,GAIN,BBL,1
kgs,GAMMA:3,API-GR,1
kgs,GAMMA:4,API-GR,1
kgs,GAS,1%=100,1
kgs,GAS,UNITS,1
kgs,GAS,Units,1
kgs,GAS,,1
kgs,GASHYDNINAVG,unit,1
kgs,GCGR,gapi,1
kgs,GCGR:1,GAPI,1
kgs,GCGR:2,GAPI,1
kgs,GCSL,----,1
kgs,GGME,GAPI,1
kgs,GR1,GAPI,1
kgs,GR2,GAPI,1
kgs,GR2,,1
kgs,GR:3,GAPI,1
kgs,GRAN,perc,1
kgs,GRANWSH,perc,1
kgs,GRGC:1,GAPI,1
kgs,GRGC:2,GAPI,1
kgs,GRKT,api,1
kgs,GRPO,GAPI,1
kgs,GRPO:2,PERC,1
kgs,GRPO:2,V/V,1
kgs,GRSG,gapi,1
kgs,GRSG:1,GAPI,1
kgs,GRSG:2,GAPI,1
kgs,GRTH:1,PPM,1
kgs,GRTH:2,PPM,1
kgs,GRUR:1,PPM,1
kgs,GRUR:2,PPM,1
kgs,GR_BHC,GAPI,1
kgs,GR_CAV,GAPI,1
kgs,GR_FDC,GAPI,1
kgs,GR_MWD,NONE,1
kgs,GYP,percent,1
kgs,H-CALI,IN,1
kgs,H-GR,GAPI,1
kgs,HARD,PERC,1
kgs,HD1_PPC1,IN,1
kgs,HD1_PPC2,IN,1
kgs,HD2_PPC1,IN,1
kgs,HD2_PPC2,IN,1
kgs,HDOV_PPC1,IN,1
kgs,HDOV_PPC2,IN,1
kgs,HDRA,G/CC,1
kgs,HEADVOLT,V,1
kgs,HEADVOLT,,1
kgs,HESC,,1
kgs,HFK,CFCF,1
kgs,HMIN,,1
kgs,HMNO,,1
kgs,HRT,OHMM,1
kgs,HTNP,FRAC,1
kgs,HVFB,mv,1
kgs,IA10_2,OHM-M,1
kgs,IA20_2,OHM-M,1
kgs,IA30_2,OHM-M,1
kgs,IA60_2,OHM-M,1
kgs,IA90_2,OHM-M,1
kgs,IC4,UNITS,1
kgs,IC5,UNITS,1
kgs,IGNE,percent,1
kgs,INCL,deg,1
kgs,INV_R,ohm/m,1
kgs,ITMP,degF,1
kgs,ITT1,us,1
kgs,ITTI,US,1
kgs,ITTT,US,1
kgs,KSDR,MD,1
kgs,KTIM,MD,1
kgs,LGRD2,OHM-M,1
kgs,LIME,perc,1
kgs,LL3,,1
kgs,LMST,percent,1
kgs,LQC_WF1[0],,1
kgs,LQC_WF2[0],,1
kgs,LQC_WF3[0],,1
kgs,LQC_WF4[0],,1
kgs,LQC_WF5[0],,1
kgs,LQC_WF6[0],,1
kgs,LSDEN,G/CC,1
kgs,LSN,CPS,1
kgs,LSPOR,PU,1
kgs,LSR_PPC1,,1
kgs,LSR_PPC2,,1
kgs,LWT,LB,1
kgs,M0R1,OHMM,1
kgs,M0R2,OHMM,1
kgs,M0R3,OHMM,1
kgs,M0R6,OHMM,1
kgs,M0R9,OHMM,1
kgs,M0RX,OHMM,1
kgs,M4R1,OHMM,1
kgs,M4R2,OHMM,1
kgs,M4R3,OHMM,1
kgs,M4R6,OHMM,1
kgs,M4R9,OHMM,1
kgs,M4RX,OHMM,1
kgs,MAGDIPC,deg,1
kgs,MAGDIPM,deg,1
kgs,MAGQ,NONE,1
kgs,MAGQ,,1
kgs,MAGTEMP,DEGC,1
kgs,MAXAMPL,MV,1
kgs,MDCAL,GAPI,1
kgs,MEL15,Oh,1
kgs,MEL15,,1
kgs,MEL20,Oh,1
kgs,MEL20,,1
kgs,MELCAL,i,1
kgs,MELCAL,,1
kgs,META,percent,1
kgs,MIN1,ohmm,1
kgs,MINAMPL,MV,1
kgs,MINATTN,DB/FT,1
kgs,MINMK,,1
kgs,MINV,OHM-M,1
kgs,MINV,,1
kgs,MINV:1,OHMM,1
kgs,MINV:2,OHMM,1
kgs,MLR,mv,1
kgs,MLTC:1,IN,1
kgs,MLTC:2,IN,1
kgs,MNO1,ohmm,1
kgs,MNOR,OHM-M,1
kgs,MNOR,,1
kgs,MNRL,ohmm,1
kgs,MNRL:1,OHMM,1
kgs,MNRL:2,OHMM,1
kgs,MRLST,percent,1
kgs,MUDWTOUT:1,LB/G,1
kgs,MUDWTOUT:2,LB/G,1
kgs,N DEV:1,FT,1
kgs,N DEV:2,FT,1
kgs,NB1,,1
kgs,NB10,,1
kgs,NB2,,1
kgs,NB3,,1
kgs,NB4,,1
kgs,NB5,,1
kgs,NB6,,1
kgs,NB7,,1
kgs,NB8,,1
kgs,NB9,,1
kgs,NB91,,1
kgs,NB92,,1
kgs,NB93,,1
kgs,NB94,,1
kgs,NB95,,1
kgs,NB96,,1
kgs,NBPS,,1
kgs,NC4,UNITS,1
kgs,NC5,UNITS,1
kgs,NCPS,cps,1
kgs,NEAR,CPS,1
kgs,NEAR,,1
kgs,NEU2,CPS,1
kgs,NEU:1,cps,1
kgs,NEU:2,cps,1
kgs,NEU:3,cps,1
kgs,NEUT(F),CPS,1
kgs,NEUT(N),CPS,1
kgs,NEUTRON,API-N,1
kgs,NONE,percent,1
kgs,NOR_R,ohm/m,1
kgs,NPDOL,%,1
kgs,NPH1,decp,1
kgs,NPHD,%,1
kgs,NPHD,POROSITY,1
kgs,NPHI_LS,V/V,1
kgs,NPHS,POROSITY,1
kgs,NPK3,,1
kgs,NPK4,,1
kgs,NPK5,,1
kgs,NPK6,,1
kgs,NPLS,,1
kgs,NPUL,,1
kgs,NS1,,1
kgs,NS10,,1
kgs,NS2,,1
kgs,NS3,,1
kgs,NS4,,1
kgs,NS5,,1
kgs,NS6,,1
kgs,NS7,,1
kgs,NS8,,1
kgs,NS9,,1
kgs,NS91,,1
kgs,NS92,,1
kgs,NS93,,1
kgs,NS94,,1
kgs,NS95,,1
kgs,NS96,,1
kgs,OSDV_PPC1,,1
kgs,OSDV_PPC2,,1
kgs,P1,b/e,1
kgs,P1AZ_MAST,DEG,1
kgs,P1NO_MAST,DEG,1
kgs,PAYFLAG,,1
kgs,PAYOH,,1
kgs,PDPE:1,B/E,1
kgs,PDPE:2,B/E,1
kgs,PERM,Unknown,1
kgs,PGGR,api,1
kgs,PGXRC-T,api,1
kgs,PHIE,,1
kgs,PHIN,%,1
kgs,PHINSS,%,1
kgs,PHOTO EL,BARNS/E,1
kgs,PHWA_PPC1,DEG,1
kgs,PHWA_PPC2,DEG,1
kgs,PHXNSS,%,1
kgs,PKCF_MFL[0],HZ,1
kgs,PKCH3[0],,1
kgs,PKCH4[0],,1
kgs,PKCH5[0],,1
kgs,PKCH6[0],,1
kgs,PKSL3[0],US/F,1
kgs,PKSL4[0],US/F,1
kgs,PKSL5[0],US/F,1
kgs,PKSL6[0],US/F,1
kgs,PKTI3[0],US,1
kgs,PKTI4[0],US,1
kgs,PKTI5[0],US,1
kgs,PKTI6[0],US,1
kgs,POR,UNITS,1
kgs,POR(DEN):1,PERCENT,1
kgs,POR(DEN):2,PERCENT,1
kgs,PORL,%,1
kgs,PORLSS,%,1
kgs,PORZC,frac,1
kgs,PPT,USEC,1
kgs,PRFS,,1
kgs,PR_H,,1
kgs,PR_V,,1
kgs,PWLIND_PPC1,,1
kgs,PWLIND_PPC2,,1
kgs,PWM,mv,1
kgs,PXND,POROSITY,1
kgs,Q1,,1
kgs,Q2,,1
kgs,QF,,1
kgs,QFM,US/F,1
kgs,QN,,1
kgs,QTZWSH,perc,1
kgs,R09P,ohmm,1
kgs,R20O,OHMM,1
kgs,R20O,,1
kgs,R30O,,1
kgs,R40O,ohmm,1
kgs,R40O,,1
kgs,R40O:1,OHMM,1
kgs,R40O:2,OHMM,1
kgs,R60O,ohmm,1
kgs,R60O,,1
kgs,R60O:1,OHMM,1
kgs,R60O:2,OHMM,1
kgs,RATO,----,1
kgs,RB,deg,1
kgs,RB_MAST,DEG,1
kgs,RB_PPC1,DEG,1
kgs,RB_PPC2,DEG,1
kgs,RCAX,,1
kgs,RCAY,,1
kgs,RCAZ,,1
kgs,RCFCAX,,1
kgs,RCFCAY,,1
kgs,RCFCAZ,,1
kgs,RCFT,CPS,1
kgs,RCFX,,1
kgs,RCFY,,1
kgs,RCFZ,,1
kgs,RCNT,CPS,1
kgs,RD1_PPC1,IN,1
kgs,RD1_PPC2,IN,1
kgs,RD2_PPC1,IN,1
kgs,RD2_PPC2,IN,1
kgs,RD3_PPC1,IN,1
kgs,RD3_PPC2,IN,1
kgs,RD4_PPC1,IN,1
kgs,RD4_PPC2,IN,1
kgs,RDLI,OHMM,1
kgs,REA_PPC1,DEG,1
kgs,REA_PPC2,DEG,1
kgs,RES(8N),OHM-M,1
kgs,RES(MG),OHM-M,1
kgs,RFOC,OHMM,1
kgs,RHO1,g/cc,1
kgs,RHOC,g/c,1
kgs,RHOL,G/C3,1
kgs,RHOMAV,,1
kgs,RLA0,OHMM,1
kgs,RLA2,OHMM,1
kgs,RLA4,OHMM,1
kgs,RLML,OHMM,1
kgs,RLML,m.ohm,1
kgs,RMLL,OHMM,1
kgs,RMUD,OHMM,1
kgs,RM_HRLT,OHMM,1
kgs,RN18,OHMM,1
kgs,RN64,OHMM,1
kgs,RNML,OHMM,1
kgs,RNML,m.ohm,1
kgs,RO06,ohmm,1
kgs,ROP,Ft/Hr,1
kgs,ROP,MIN/FT,1
kgs,ROP5,min/ft,1
kgs,ROPI,fph,1
kgs,ROP_MWD,fph,1
kgs,RPC,ma,1
kgs,RPL,mv,1
kgs,RT10,OHMM,1
kgs,RT20,OHMM,1
kgs,RT30,OHMM,1
kgs,RT60,OHMM,1
kgs,RT90,OHMM,1
kgs,RT90:1,ohmm,1
kgs,RT90:2,ohmm,1
kgs,RTAO,,1
kgs,RTAO:1,OHMM,1
kgs,RTAO:2,OHMM,1
kgs,RT_2,OHM-M,1
kgs,RT_HRLT,OHMM,1
kgs,RXO,OHMM,1
kgs,RXO_2,OHM-M,1
kgs,RXO_HRLT,OHMM,1
kgs,S2,mV,1
kgs,SALT,perc,1
kgs,SALT,percent,1
kgs,SB11,,1
kgs,SB12,,1
kgs,SB13,,1
kgs,SB14,,1
kgs,SB15,,1
kgs,SB21,,1
kgs,SB22,,1
kgs,SB23,,1
kgs,SB24,,1
kgs,SB25,,1
kgs,SB31,,1
kgs,SB32,,1
kgs,SB33,,1
kgs,SB34,,1
kgs,SB35,,1
kgs,SB41,,1
kgs,SB42,,1
kgs,SB43,,1
kgs,SB44,,1
kgs,SB45,,1
kgs,SB4Q,,1
kgs,SGRD,OHMM,1
kgs,SHALE,percent,1
kgs,SHALE:1,perc,1
kgs,SHALE:2,perc,1
kgs,SHALE:3,perc,1
kgs,SHALE:4,perc,1
kgs,SHALE:5,perc,1
kgs,SHALE:6,perc,1
kgs,SHCOL,percent,1
kgs,SHEARVELOCITY,,1
kgs,SHGY,percent,1
kgs,SIGF,,1
kgs,SIGN,,1
kgs,SILT,perc,1
kgs,SLOWSHEAR,uspf,1
kgs,SLTST,percent,1
kgs,SMG,6PSI,1
kgs,SNORM,OHMM,1
kgs,SOBS,IN,1
kgs,SP2,MV,1
kgs,SP2,,1
kgs,SPCG:1,MV,1
kgs,SPCG:2,MV,1
kgs,SPE,+mv,1
kgs,SPH1,decp,1
kgs,SPH2,decp,1
kgs,SPH3,decp,1
kgs,SPH4,decp,1
kgs,SPHI,DECP,1
kgs,SPHI,MV,1
kgs,SPHI,PU,1
kgs,SPHI,ft3/ft3,1
kgs,SPJ3[0],,1
kgs,SPJ4[0],,1
kgs,SPJ5[0],,1
kgs,SPJ6[0],,1
kgs,SPOR,PCNT,1
kgs,SPRL:2,PERC,1
kgs,SPRS,PERC,1
kgs,SPUL,,1
kgs,SRC,ma,1
kgs,SRD1_PPC1,IN,1
kgs,SRD1_PPC2,IN,1
kgs,SRD2_PPC1,IN,1
kgs,SRD2_PPC2,IN,1
kgs,SS,perc,1
kgs,SS,percent,1
kgs,SS11,,1
kgs,SS12,,1
kgs,SS13,,1
kgs,SS14,,1
kgs,SS15,,1
kgs,SS21,,1
kgs,SS22,,1
kgs,SS23,,1
kgs,SS24,,1
kgs,SS25,,1
kgs,SS31,,1
kgs,SS32,,1
kgs,SS33,,1
kgs,SS34,,1
kgs,SS35,,1
kgs,SS41,,1
kgs,SS42,,1
kgs,SS43,,1
kgs,SS44,,1
kgs,SS45,,1
kgs,SSDEN,G/CC,1
kgs,SSN,CPS,1
kgs,SSPOR,PU,1
kgs,SSVE,FT/S,1
kgs,SVEL,FT/S,1
kgs,SVTIME,NONE,1
kgs,SW,,1
kgs,SWOH,dec,1
kgs,SWU,,1
kgs,SXO,,1
kgs,T DEPTH:1,FT,1
kgs,T DEPTH:2,FT,1
kgs,T2LM,MS,1
kgs,T2LM_SIG,MS,1
kgs,TBIF20,OHMM,1
kgs,TBIF30,OHMM,1
kgs,TBIF60,OHMM,1
kgs,TBIF90,OHMM,1
kgs,TBIT20,OHMM,1
kgs,TBIT30,OHMM,1
kgs,TBIT60,OHMM,1
kgs,TBIT90,OHMM,1
kgs,TCMR,CFCF,1
kgs,TDIC,MS,1
kgs,TEMP:1,CPS,1
kgs,TEMP:2,DEG,1
kgs,TEMP:3,CPS,1
kgs,TEMP:3,DEG,1
kgs,TEMP_MWD,degF,1
kgs,TEN,LB,1
kgs,TEN,LBF,1
kgs,TENS,LB,1
kgs,TICO_MFM,US,1
kgs,TILL,percent,1
kgs,TISH_00C,US,1
kgs,TISH_90C,US,1
kgs,TISH_MFM,US,1
kgs,TIST_MFL,US,1
kgs,TKO_SFA3[0],,1
kgs,TKO_SFA4[0],,1
kgs,TKO_SFA5[0],,1
kgs,TKO_SFA6[0],,1
kgs,TOT,UNITS,1
kgs,TOTAL_GAS,,1
kgs,TOTG,gee,1
kgs,TRACE0,FT,1
kgs,TRACE1,FT,1
kgs,TRACE2,FT,1
kgs,TSUM,MS,1
kgs,TSUM,us,1
kgs,TT,MS,1
kgs,TT1,US,1
kgs,TT2,US,1
kgs,TT3,US,1
kgs,TT3FT2,usec,1
kgs,TT4,US,1
kgs,TT5,usec,1
kgs,TT5FT2,usec,1
kgs,TTEN,LB,1
kgs,TTS1,usec,1
kgs,TTS2,usec,1
kgs,TTS3,usec,1
kgs,TTS4,usec,1
kgs,TTS5,usec,1
kgs,TTS6,usec,1
kgs,TTS7,usec,1
kgs,TTS8,usec,1
kgs,TWIND_TOTAL,,1
kgs,U,b/cm3,1
kgs,UNKNOWN,,1
kgs,VCL,,1
kgs,VDOLO,dec,1
kgs,VLIME,dec,1
kgs,VOLTAGE,MV,1
kgs,VPSY,,1
kgs,VPVS,,1
kgs,VSAND,dec,1
kgs,WANH_WALK2,,1
kgs,WCAR_WALK2,,1
kgs,WCLA_WALK2,,1
kgs,WCOA_WALK2,,1
kgs,WEVA_WALK2,,1
kgs,WFA1N_MONO[0],,1
kgs,WFA1_MONO[0],,1
kgs,WFA2N[0],,1
kgs,WFA2N_MONO[0],,1
kgs,WFA2[0],,1
kgs,WFA2_MONO[0],,1
kgs,WFA3N[0],,1
kgs,WFA3N_MONO[0],,1
kgs,WFA3[0],,1
kgs,WFA3_MONO[0],,1
kgs,WFA4N_MONO[0],,1
kgs,WFA4_MONO[0],,1
kgs,WFA5N_DIIN[0],,1
kgs,WFA5N_DIOF[0],,1
kgs,WFA5_DIIN[0],,1
kgs,WFA5_DIOF[0],,1
kgs,WFA6N_DIIN[0],,1
kgs,WFA6N_DIOF[0],,1
kgs,WFA6_DIIN[0],,1
kgs,WFA6_DIOF[0],,1
kgs,WFQC_STATUS,,1
kgs,WPYR_WALK2,,1
kgs,WQFM_WALK2,,1
kgs,WSID_WALK2,,1
kgs,XPHI,DECP,1
kgs,XPLITHO,PCNT,1
kgs,XPOR,PERC,1
kgs,YME,6PSI,1
kgs,YM_H,Mpsi,1
kgs,YM_V,Mpsi,1
kgs,ZCOR,G/C3,1
kgs,ZCOR,G/CC,1
